CodeProduit;Produit;Marque
604408;pacv lg ke970 alu;Lg
609708;pacv samsu u600 bleu;Samsung
606751;pacv soner k800i noir;Sony Ericsson
604254;gsm nokia 6300 ns;Nokia
604255;pacv bb    8100   web client pearl;BlackBerry
604256;gsm  lg    kg800  ns noir;Lgfr
604257;pacv lg    ku800  3g noir;Lgfr
604258;gsm  motor krzr k1 bleu ns;Motorola
604259;pacv nokia e65    3g    mocca;Nokia
604260;pacv nokia n70    3g black;Nokia
604261;pacv nokia n70    3g;Nokia
604262;pacv nokia 6280   3g;Nokia
604263;gsm  nokia n1600  sim1;Nokia
604264;pacv sagem my201x;Sagem
604265;gsm  samsu e900   rouge ns;Samsung
604266;pacv samsu i600   3g    noir;Samsung
604267;pacv samsu e900 noir;Samsung
604268;pacv samsu e840   argent;Samsung
604269;pacv samsu e250   noir;Samsung
604270;pacv samsu e390   silver;Samsung
604271;gsm  samsu f300   ns;Samsung
604272;pacv samsu z400v  3g;Samsung
604273;gsm  samsu d840   ns;Samsung
604274;pacv samsu zv40   3g noir;Samsung
604275;pacv sharp gx29;Sharp
604276;pacv soner w880i  3g    noir;Sony Ericsson
604277;pacv soner z530i noir;Sony Ericsson
604278;pacv soner w850i  3g noir;Sony Ericsson
604279;pacv soner k800i  brown;Sony Ericsson
604280;pacv soner v630i 3g;Sony Ericsson
604281;gsm  soner k750i  black ns;Sony Ericsson
